filter_for,filter_against
 lake,ocean
reservoir,hydroelectric
inland waters,hydropower
stream water,Lake Michigan
water quality,walleye
freshwater,estuaries
 lakes,cover image
 river ,alewife
 aquatic environments,antibiotic
stream baseflow,china
drainage networks,capillary tubes
aquatic ecosystems,"near .{1,17} Lake"
stream macroinvertebrates,water utility
,water distribution systems
,emerging technologies
,video mapping
,student monitoring
,slovenia
,drinking water
,mud carp
,agribusiness
,16S rRNA
,nesting
,environmental literacy
,nanotubes
,iran
, mining 
,^ Part 
,russia
,coastal
,hydroxide
,economic value
,largemouth bass
,acetaminophen
,italy
,water security
,environmental DNA
,phages
,raindrop
,microbial abundance
,community garden
,hydrograph separation
,mongolia
,correction to\:
,groundwater status
,amplicon
,Enterococcus
,hatching
,adenosine
,magnetic
,fault
,Great Lakes
,woolly
,spawning
,fish diet
,fluid injection
,google earth
,fish metapopulations
,viruses
,unmanned aerial
,spillway
,indonesia
,microbiome
,individual stones
,polymerase
,water system planner
,gene expression
,lead service line
,lithology
,wetland
,^sea$
,Lake Erie
,salmon
,arctic char
,trout
,evolutionary
,cohort
,irrigating
,microplastics
,population genetic
,novel device
,marine
,high school students
,acoustic
,front cover
,masthead
,referees
,stock enhancement
,metabarcoding
,white sturgeon
,ecuador
,deionization
,daphnia
,yellowfin shiner
,gonadal
, bores
,caprock
,soybean
,Pleistocene
, tidal 
,ostracods
,fish assemblage
,river-routing
,sculpin
,cyanopeptides
,aquifer recharge system
,dividends
,young of the year
,^ Preface 
,reservoir operation rules
,underwater video system
,uranium
,groundwater seepage
,bluegill
,reservoir operation model
,piezometric
,intergovernmental
,Ethiopia
,behavioural patterns
,biodiversity trends
,Lake Superior
,estuary
, Bay 
,seafloor
,citizen science
,bioaccumulation
,common carp
,phoslock
,virtual water
,contamination exposure
,plutons
,hedgerows
,marketability
,metal bioavailability
, rdna
,enzymatic
,extracellular
,deep‚Äêwell injection
,cosmogenic
,disinfection
,phytotoxic
,phenols
,transponder
, tagger
, orography
, behaviourally
, turfs 
,fog interception
,biosolids
,bioreactor
,quenching
,glacially
,brine
,atrazine
,gizzard shad
,Pesticide
,commercialisation
,customers
,chronic toxicity
,handwashing
,sunfish
,green infrastucture
,fractionation
,microwave
,clothing
,tetrachloroethene
,water planners
,cichlid
,subtidal
,textile
,well field
,xerogel
, oil spill
,oil and gas
,tilapia
,tetrafluoroborate
,specialty crops
,zebrafish
,chromatograph
,Sociohydrology
,contaminant plume
,eddy covariance
,Neonicotinoid
,hydrological failure
,phytoremediation
,incubating
,continental shelf
,nigeria
,geochronology
,norovirus
,enterovirus
,Hybrid Ensemble
,china
,fish ecology
,hyporheic exchange
,photographic plates
,contaminate food
, 87Sr
,intercomparison
,flood risk
,atmospheric river
,water supply performance
, larva 
,Thermokarst
, mullet 
, Shell length 
, potable 
, groundwater management
, pharmaceuticals 
, groundwater quality
, potassium 
,Glacier 
,hazard mitigation 
,finite-volume
,stoneroller 
, erosion control 
,hazard assessment
, reverse osmosis
, groundwater treatment 
, bioremediation
, aerosol pollution
, feeding rates 
, deglaciation 
, glacier
,cryoconite
, fish reproduction
, eddy viscosity
, floodplain channels
,Amazon River floodplain
, lava 
, key fish species 
, non-compliant 
, reproductive impairments
,hydrologic forecast 
, biodiversity reservoir
, food safety 
, hexavalent
, algal diet
,transcriptomic
, PAH pollution
,stormwater management
,zoonotic
, facies 
,Fish Endocrine
,CGCM3
,Lake Taihu
,Nanoparticles
,pikeperch
, magma 
, artificial sweetener 
, phenotypic 
, rainfall products 
, concrete pavement 
, critically endangered 
, Ogallala 
,\s\d*\)\s
, remediation 
,Polycyclic Aromatic Hydrocarbons
,Micropollutant
,erratum
,ecotoxicolog
,Joaquin River
,hydrophobicity
, golden perch
,28S DNA
,SWOT analysis
, canadensis